{
    "Logistic Regression": {
        "accuracy": 0.8034066713981547,
        "precision": 0.6600660066006601,
        "recall": 0.5347593582887701,
        "f1_score": 0.5908419497784343,
        "roc_auc": 0.8458446356144566,
        "cv_mean": 0.8475376049288637,
        "cv_std": 0.012659321123453459
    },
    "Random Forest": {
        "accuracy": 0.801277501774308,
        "precision": 0.6666666666666666,
        "recall": 0.5026737967914439,
        "f1_score": 0.573170731707317,
        "roc_auc": 0.8382895450670387,
        "cv_mean": 0.8422915334380466,
        "cv_std": 0.014022024909038186
    }
}